lastname,firstname,email,grade
Woodberry,Adele,Adele.Woodberry@example.com,3
Rooney,Fawne,Fawne.Rooney@example.com,5.1
Elephus,Ebonee,Ebonee.Elephus@example.com,5.3
Goth,Natka,Natka.Goth@example.com,4.3
Lynn,Dania,Dania.Lynn@example.com,5.6
Cutlerr,Tani,Tani.Cutlerr@example.com,5.9
Heisel,Hope,Hope.Heisel@example.com,2.9
Kenwood,Marcelline,Marcelline.Kenwood@example.com,2.5
Fosque,Bibby,Bibby.Fosque@example.com,3.6
Michella,Consuela,Consuela.Michella@example.com,1.8
Toor,Carmela,Carmela.Toor@example.com,1.6
Ogren,Xylina,Xylina.Ogren@example.com,2.3
Philipp,Genovera,Genovera.Philipp@example.com,1.1
Wind,Nelle,Nelle.Wind@example.com,4.7
Alrich,Ariela,Ariela.Alrich@example.com,5.2
Grimbly,Ashlee,Ashlee.Grimbly@example.com,5.1
Standing,Amelia,Amelia.Standing@example.com,1.4
Carri,Kara-Lynn,Kara-Lynn.Carri@example.com,2
Dannye,Lory,Lory.Dannye@example.com,4.6
Douglass,Willetta,Willetta.Douglass@example.com,5.9
Jeanne,Beatriz,Beatriz.Jeanne@example.com,4.6
Bultman,Misha,Misha.Bultman@example.com,3.2
Raama,Nerta,Nerta.Raama@example.com,1.8
Ball,Bobinette,Bobinette.Ball@example.com,3.9
Means,Winny,Winny.Means@example.com,6
My,Fanny,Fanny.My@example.com,4.7
Liva,Annabela,Annabela.Liva@example.com,5
Toffic,Luci,Luci.Toffic@example.com,4.7
Ulphia,Sara-Ann,Sara-Ann.Ulphia@example.com,3.9
Daniele,Randa,Randa.Daniele@example.com,1.8
Evangelia,Ilse,Ilse.Evangelia@example.com,2.6
Joli,Viki,Viki.Joli@example.com,3.2
Tice,Ellette,Ellette.Tice@example.com,4.6
Vacuva,Rori,Rori.Vacuva@example.com,1.2
Hurley,Olwen,Olwen.Hurley@example.com,5.3
Arvo,Jaclyn,Jaclyn.Arvo@example.com,2.1
Dominy,Jessy,Jessy.Dominy@example.com,3.2
Parette,Ayn,Ayn.Parette@example.com,4.3
Cressida,Frances,Frances.Cressida@example.com,6
Ophelia,Larine,Larine.Ophelia@example.com,1.9
Alva,Sissy,Sissy.Alva@example.com,5.5
Lareena,Rosene,Rosene.Lareena@example.com,1.6
Juan,Moyna,Moyna.Juan@example.com,4.2
Bibi,Ivett,Ivett.Bibi@example.com,4.5
Malanie,Judy,Judy.Malanie@example.com,4.8
Marcellus,Kaja,Kaja.Marcellus@example.com,3.1
Zaslow,Marylou,Marylou.Zaslow@example.com,5.5
Hortensia,Stacey,Stacey.Hortensia@example.com,3.1
Bevin,Jenda,Jenda.Bevin@example.com,5.1
Raul,Kate,Kate.Raul@example.com,5.1
Agle,Renae,Renae.Agle@example.com,4.5
Rhu,Ekaterina,Ekaterina.Rhu@example.com,3.4
Shuler,Elena,Elena.Shuler@example.com,5.6
Dalli,Mara,Mara.Dalli@example.com,5
Saree,Cordi,Cordi.Saree@example.com,2.8
Teryn,Jordan,Jordan.Teryn@example.com,2.1
Kamaria,Meg,Meg.Kamaria@example.com,5.5
Vale,Elbertina,Elbertina.Vale@example.com,5.2
Pierette,Fredericka,Fredericka.Pierette@example.com,1.9
Lamoree,Valera,Valera.Lamoree@example.com,1.3
Edvard,Devina,Devina.Edvard@example.com,4.3
Firmin,Joceline,Joceline.Firmin@example.com,4.7
Bari,Julieta,Julieta.Bari@example.com,2.9
Wenda,Angela,Angela.Wenda@example.com,5.9
Deegan,Marcy,Marcy.Deegan@example.com,3.6
Graig,Modestia,Modestia.Graig@example.com,2.4
Old,Priscilla,Priscilla.Old@example.com,2.2
Jalbert,Gerianna,Gerianna.Jalbert@example.com,1.4
Juan,Roseline,Roseline.Juan@example.com,5.4
Bearnard,Dominga,Dominga.Bearnard@example.com,1.6
Peti,Marinna,Marinna.Peti@example.com,2.1
Aprile,Dorice,Dorice.Aprile@example.com,3.8
Garek,Doralynne,Doralynne.Garek@example.com,2.8
O'Rourke,Ardys,Ardys.O'Rourke@example.com,2.9
Leonard,Darlleen,Darlleen.Leonard@example.com,3.7
Koziara,Raf,Raf.Koziara@example.com,5.7
Rooney,Ariela,Ariela.Rooney@example.com,2.4
Bouchard,Lulita,Lulita.Bouchard@example.com,1.7
Kenney,Kamilah,Kamilah.Kenney@example.com,5.1
Ehrman,Judy,Judy.Ehrman@example.com,2.1
Rillings,Kathi,Kathi.Rillings@example.com,5.1
Gower,Chandra,Chandra.Gower@example.com,3.7
Craggie,Gusty,Gusty.Craggie@example.com,3.2
Salvidor,Jan,Jan.Salvidor@example.com,3
Mike,Carmela,Carmela.Mike@example.com,2
Lamoree,Lonnie,Lonnie.Lamoree@example.com,3.5
Marlie,Kaja,Kaja.Marlie@example.com,3.6
Nadia,Susette,Susette.Nadia@example.com,2.2
Jethro,Aryn,Aryn.Jethro@example.com,5.8
Bach,Meg,Meg.Bach@example.com,3
Lytton,Genevra,Genevra.Lytton@example.com,1.2
Eldrid,Abbie,Abbie.Eldrid@example.com,3.9
Bergman,Mamie,Mamie.Bergman@example.com,2.5
Jenness,Petronia,Petronia.Jenness@example.com,2.2
Publia,Joane,Joane.Publia@example.com,1.4
Secrest,Mamie,Mamie.Secrest@example.com,3.7
Vastah,Harmonia,Harmonia.Vastah@example.com,5
Vins,Bernie,Bernie.Vins@example.com,3.7
Waite,Fawne,Fawne.Waite@example.com,2.4
Bergman,Bobinette,Bobinette.Bergman@example.com,2.2
Aurelio,Margalo,Margalo.Aurelio@example.com,6
Buffum,Kirbee,Kirbee.Buffum@example.com,2.1
Fredi,Florencia,Florencia.Fredi@example.com,3.3
Baptlsta,Lyssa,Lyssa.Baptlsta@example.com,1.5
Johnsson,Zsa Zsa,Zsa Zsa.Johnsson@example.com,5.4
Oriana,Britte,Britte.Oriana@example.com,1.9
Cottle,Marcelline,Marcelline.Cottle@example.com,1.6
Pillsbury,Caryl,Caryl.Pillsbury@example.com,5.9
Tufts,Quintina,Quintina.Tufts@example.com,3.5
Couture,Bobinette,Bobinette.Couture@example.com,2.6
Casimir,Jackie,Jackie.Casimir@example.com,5.9
Joachim,Christy,Christy.Joachim@example.com,2.3
Hertzfeld,Kelly,Kelly.Hertzfeld@example.com,5.7
Podvin,Fred,Fred.Podvin@example.com,2.6
Daveta,Siana,Siana.Daveta@example.com,3.5
Bury,Ernesta,Ernesta.Bury@example.com,4.7
Verger,Blake,Blake.Verger@example.com,2.9
Reidar,Kellen,Kellen.Reidar@example.com,2.3
Sammons,Leia,Leia.Sammons@example.com,2.9
Malina,Anica,Anica.Malina@example.com,2.1
Liva,Lanae,Lanae.Liva@example.com,4.6
McAdams,Jeanna,Jeanna.McAdams@example.com,2.7
Lea,Taffy,Taffy.Lea@example.com,5.2
Erminia,Ana,Ana.Erminia@example.com,2.2
Chick,Deloria,Deloria.Chick@example.com,2.4
Xerxes,Hope,Hope.Xerxes@example.com,3.8
Olympium,Rochette,Rochette.Olympium@example.com,1.5
Ackerley,Odessa,Odessa.Ackerley@example.com,5.1
Anastatius,Winny,Winny.Anastatius@example.com,5.9
Corrine,Bettine,Bettine.Corrine@example.com,4.2
Shaver,Jennica,Jennica.Shaver@example.com,2.4
Seagraves,Clementine,Clementine.Seagraves@example.com,5.9
Mata,Emma,Emma.Mata@example.com,1.7
Stuart,Ofilia,Ofilia.Stuart@example.com,2.6
Morrill,Madelle,Madelle.Morrill@example.com,3.5
Hourigan,Philis,Philis.Hourigan@example.com,3.1
Hull,Debee,Debee.Hull@example.com,1.6
Bakerman,Dotty,Dotty.Bakerman@example.com,3.2
Demitria,Mallory,Mallory.Demitria@example.com,2.3
Shields,Cassandra,Cassandra.Shields@example.com,4.5
Bluh,Lita,Lita.Bluh@example.com,5.4
Buffum,Alleen,Alleen.Buffum@example.com,3.3
Anastatius,Tamqrah,Tamqrah.Anastatius@example.com,2.8
Ricarda,Deloria,Deloria.Ricarda@example.com,5.4
Hieronymus,Bernardine,Bernardine.Hieronymus@example.com,5.5
Zitvaa,Katleen,Katleen.Zitvaa@example.com,3.9
Toffic,Sandie,Sandie.Toffic@example.com,5.9
Helve,Mary,Mary.Helve@example.com,3.3
Forrer,Elena,Elena.Forrer@example.com,3
Jacinda,Mildrid,Mildrid.Jacinda@example.com,1.4
Cosenza,Mildrid,Mildrid.Cosenza@example.com,5.1
Gregrory,Berta,Berta.Gregrory@example.com,5.9
Randene,Suzette,Suzette.Randene@example.com,3.4
Brittani,Roz,Roz.Brittani@example.com,2.6
Kravits,Melina,Melina.Kravits@example.com,4
Longfellow,Theodora,Theodora.Longfellow@example.com,5.6
Saint,Marjie,Marjie.Saint@example.com,1.7
Colbert,Evaleen,Evaleen.Colbert@example.com,2.7
Kravits,Melisent,Melisent.Kravits@example.com,2.7
Morgun,Modestia,Modestia.Morgun@example.com,3.3
Woodberry,Aeriela,Aeriela.Woodberry@example.com,5.9
Argus,Natka,Natka.Argus@example.com,5.1
Sparhawk,Joeann,Joeann.Sparhawk@example.com,3.2
Gaulin,Marti,Marti.Gaulin@example.com,3.4
Persse,Gilda,Gilda.Persse@example.com,5
Vittoria,Addia,Addia.Vittoria@example.com,2.2
Kannry,Berget,Berget.Kannry@example.com,5.1
Hebner,Ruthe,Ruthe.Hebner@example.com,4.3
Abram,Elmira,Elmira.Abram@example.com,4.4
Hanshaw,Nollie,Nollie.Hanshaw@example.com,2.2
Wind,Marnia,Marnia.Wind@example.com,5.7
Merna,Gwyneth,Gwyneth.Merna@example.com,3.4
Carri,Gale,Gale.Carri@example.com,3.5
Lalitta,Mamie,Mamie.Lalitta@example.com,5.1
Hepsibah,Ulrike,Ulrike.Hepsibah@example.com,4.6
Charmine,Mireielle,Mireielle.Charmine@example.com,5.9
Hanshaw,Kalina,Kalina.Hanshaw@example.com,5.3
Jena,Nannie,Nannie.Jena@example.com,1.3
Ehrman,Atlanta,Atlanta.Ehrman@example.com,1.4
Niles,Corly,Corly.Niles@example.com,5.4
Milde,Vinita,Vinita.Milde@example.com,5.1
Crudden,Lenna,Lenna.Crudden@example.com,3.3
Abernon,Hyacinthe,Hyacinthe.Abernon@example.com,1.9
Afton,Farrah,Farrah.Afton@example.com,5.6
Terrence,Margette,Margette.Terrence@example.com,5.2
Craggie,Clo,Clo.Craggie@example.com,4.2
Warthman,Elbertina,Elbertina.Warthman@example.com,3.8
Colyer,Quintina,Quintina.Colyer@example.com,3.9
Haymes,Estell,Estell.Haymes@example.com,3.4
Franza,Bee,Bee.Franza@example.com,3.5
Fiann,Dione,Dione.Fiann@example.com,3.6
Noam,Amii,Amii.Noam@example.com,3.2
Nikaniki,Berta,Berta.Nikaniki@example.com,3.8
Lymann,Cristine,Cristine.Lymann@example.com,3
Alabaster,Rubie,Rubie.Alabaster@example.com,4
Pillsbury,Kaja,Kaja.Pillsbury@example.com,4.4
Catie,Marylou,Marylou.Catie@example.com,3.9
Sholley,Carly,Carly.Sholley@example.com,3.9
Merna,Jan,Jan.Merna@example.com,4.3
Goth,Nananne,Nananne.Goth@example.com,1.9
Jefferey,Esmeralda,Esmeralda.Jefferey@example.com,5.7
Eldrid,Carmencita,Carmencita.Eldrid@example.com,4
Rudolph,Winny,Winny.Rudolph@example.com,4.4
O'Neill,Pearline,Pearline.O'Neill@example.com,1.1
Lail,Ileana,Ileana.Lail@example.com,6
Lipson,Britni,Britni.Lipson@example.com,1.2
Cath,Brandise,Brandise.Cath@example.com,1.5
Means,Daryl,Daryl.Means@example.com,4.3
Claudine,Nanete,Nanete.Claudine@example.com,3.8
Ivens,Paulita,Paulita.Ivens@example.com,4
Aida,Roberta,Roberta.Aida@example.com,2.3
Standing,Korrie,Korrie.Standing@example.com,4.2
Brian,Tatiania,Tatiania.Brian@example.com,4.8
Brenn,Queenie,Queenie.Brenn@example.com,2.5
Naor,Rhea,Rhea.Naor@example.com,5.4
Norrie,Britte,Britte.Norrie@example.com,1.4
Means,Raquela,Raquela.Means@example.com,4.4
Read,Brena,Brena.Read@example.com,3.2
Waldron,Almeta,Almeta.Waldron@example.com,1.4
Palocz,Pearline,Pearline.Palocz@example.com,5.8
Cyrie,Stephanie,Stephanie.Cyrie@example.com,5.7
Mandler,Florencia,Florencia.Mandler@example.com,2.2
Haymes,Babita,Babita.Haymes@example.com,3.1
Maroney,Riannon,Riannon.Maroney@example.com,5.1
Abbot,Genovera,Genovera.Abbot@example.com,4.9
Odysseus,Wanda,Wanda.Odysseus@example.com,1.8
Parette,Joy,Joy.Parette@example.com,4.6
Astra,Madeleine,Madeleine.Astra@example.com,3.7
Wandie,Henriette,Henriette.Wandie@example.com,2.5
Lalitta,Charmaine,Charmaine.Lalitta@example.com,5.8
Ricarda,Babita,Babita.Ricarda@example.com,3
Trey,Ofilia,Ofilia.Trey@example.com,5.4
Hirsch,Tani,Tani.Hirsch@example.com,5.1
Heisel,Daune,Daune.Heisel@example.com,5.5
Presber,Shirlee,Shirlee.Presber@example.com,3.8
Yoko,Deloria,Deloria.Yoko@example.com,2.4
Sawtelle,Karolina,Karolina.Sawtelle@example.com,1.4
Atcliffe,Sadie,Sadie.Atcliffe@example.com,2.2
Milson,Debee,Debee.Milson@example.com,3
Ambrosia,Sissy,Sissy.Ambrosia@example.com,3.9
Delp,Ottilie,Ottilie.Delp@example.com,3.5
Tryck,Olivette,Olivette.Tryck@example.com,4.4
Thar,Nollie,Nollie.Thar@example.com,2.2
Neils,Sherrie,Sherrie.Neils@example.com,1.2
Nahum,Oralee,Oralee.Nahum@example.com,4.3
Ashok,Jacquetta,Jacquetta.Ashok@example.com,2.1
Chabot,Bernardine,Bernardine.Chabot@example.com,4.8
Aaberg,Annice,Annice.Aaberg@example.com,1.4
Serilda,Adelle,Adelle.Serilda@example.com,3.8
Jacqui,Zaria,Zaria.Jacqui@example.com,3.3
Croix,Vinita,Vinita.Croix@example.com,3.8
Ciapas,Imojean,Imojean.Ciapas@example.com,1.5
Sabella,Karena,Karena.Sabella@example.com,3.5
Ranjiv,Dagmar,Dagmar.Ranjiv@example.com,2.9
Pierette,Gerrie,Gerrie.Pierette@example.com,1.2
Ephrem,Tomasina,Tomasina.Ephrem@example.com,2.2
Thunell,Alexine,Alexine.Thunell@example.com,1.1
Hillel,Reeba,Reeba.Hillel@example.com,1.9
Pozzy,Ninnetta,Ninnetta.Pozzy@example.com,3.4
Berne,Merci,Merci.Berne@example.com,2
Mozelle,Deloria,Deloria.Mozelle@example.com,5.2
Buffum,Darlleen,Darlleen.Buffum@example.com,2.8
Nahum,Gavrielle,Gavrielle.Nahum@example.com,5.9
Shama,Gwyneth,Gwyneth.Shama@example.com,1.1
Raul,Lanna,Lanna.Raul@example.com,3
Wyn,Carol-Jean,Carol-Jean.Wyn@example.com,5.4
Doig,Luci,Luci.Doig@example.com,3
Hourigan,Laure,Laure.Hourigan@example.com,5.2
Holbrook,Ursulina,Ursulina.Holbrook@example.com,5.5
Mayeda,Teddie,Teddie.Mayeda@example.com,2.2
Oriana,Genovera,Genovera.Oriana@example.com,5.9
Zenas,Brietta,Brietta.Zenas@example.com,1.2
Naor,Lynde,Lynde.Naor@example.com,5.5
Artie,Katuscha,Katuscha.Artie@example.com,2.5
Karl,Lexine,Lexine.Karl@example.com,2
Vale,Caritta,Caritta.Vale@example.com,2.9
Ellord,Gianina,Gianina.Ellord@example.com,3.7
Lane,Desirae,Desirae.Lane@example.com,3.2
Karylin,Jeanna,Jeanna.Karylin@example.com,1.3
Thad,Ana,Ana.Thad@example.com,3.8
Rosette,Fred,Fred.Rosette@example.com,2.9
Hessler,Kelly,Kelly.Hessler@example.com,5.5
Ludewig,Bill,Bill.Ludewig@example.com,2.4
Kazimir,Paulita,Paulita.Kazimir@example.com,2.1
Payson,Alexine,Alexine.Payson@example.com,4.9
Ivens,Cindelyn,Cindelyn.Ivens@example.com,2
Rodmann,Genevra,Genevra.Rodmann@example.com,5.3
Yam,Lauryn,Lauryn.Yam@example.com,5.8
Ambrosia,Gaylene,Gaylene.Ambrosia@example.com,2.4
Abbot,Wendi,Wendi.Abbot@example.com,5.1
Couture,Cam,Cam.Couture@example.com,2.7
Tacye,Elie,Elie.Tacye@example.com,5
Kirstin,Sara-Ann,Sara-Ann.Kirstin@example.com,3.1
Gerge,Therine,Therine.Gerge@example.com,1.3
Helve,Mahalia,Mahalia.Helve@example.com,2.3
Tomasina,Nyssa,Nyssa.Tomasina@example.com,3.9
Lipson,Aurore,Aurore.Lipson@example.com,5.7
Lesley,Cyb,Cyb.Lesley@example.com,1.1
Rillings,Gusty,Gusty.Rillings@example.com,2.8
Berard,Ermengarde,Ermengarde.Berard@example.com,4.6
Meli,Harmonia,Harmonia.Meli@example.com,5.9
Craggie,Rubie,Rubie.Craggie@example.com,4.6
Sikorski,Loree,Loree.Sikorski@example.com,4.6
Cath,Veda,Veda.Cath@example.com,2.9
Roarke,Eve,Eve.Roarke@example.com,2.5
Gower,Shel,Shel.Gower@example.com,2.6
Dulciana,Donnie,Donnie.Dulciana@example.com,5.4
Alejoa,Joleen,Joleen.Alejoa@example.com,1.5
Callista,Ronna,Ronna.Callista@example.com,2
Karl,Roberta,Roberta.Karl@example.com,4.1
Gaulin,Tatiania,Tatiania.Gaulin@example.com,4.4
Ledah,Deloria,Deloria.Ledah@example.com,4.9
Ephrem,Kary,Kary.Ephrem@example.com,2.2
Maxi,Pearline,Pearline.Maxi@example.com,2.8
Elephus,Codie,Codie.Elephus@example.com,1.7
McGrody,Addia,Addia.McGrody@example.com,2.7
Suanne,Jobi,Jobi.Suanne@example.com,1.9
Rad,Mariele,Mariele.Rad@example.com,1.7
Justinn,Nariko,Nariko.Justinn@example.com,3.9
Ackerley,Maridel,Maridel.Ackerley@example.com,4.3
Taam,Oona,Oona.Taam@example.com,4.7
Donoghue,Bee,Bee.Donoghue@example.com,5.2
Maisey,Marcelline,Marcelline.Maisey@example.com,3.1
Hourigan,Jinny,Jinny.Hourigan@example.com,1.5
Leary,Briney,Briney.Leary@example.com,1.6
Infield,Nicoli,Nicoli.Infield@example.com,2.2
Naashom,Morganica,Morganica.Naashom@example.com,3.7
Santoro,Arabel,Arabel.Santoro@example.com,5.5
Israeli,Tori,Tori.Israeli@example.com,2.8
Carolin,Melodie,Melodie.Carolin@example.com,5.4
Elisha,Elie,Elie.Elisha@example.com,2.8
Georgy,Debee,Debee.Georgy@example.com,5.5
Gale,Ruthe,Ruthe.Gale@example.com,3.4
Calhoun,Agnese,Agnese.Calhoun@example.com,5.1
Parette,Rosene,Rosene.Parette@example.com,1.8
Xerxes,Shannah,Shannah.Xerxes@example.com,3.6
Hewitt,Tera,Tera.Hewitt@example.com,1.1
Saint,Marinna,Marinna.Saint@example.com,5.9
Gualtiero,Candy,Candy.Gualtiero@example.com,5.4
Chesna,Charissa,Charissa.Chesna@example.com,2.7
Agle,Carmencita,Carmencita.Agle@example.com,1.5
Desai,Dari,Dari.Desai@example.com,4
Stevy,Dione,Dione.Stevy@example.com,1.7
Cottle,Corry,Corry.Cottle@example.com,3.7
Thema,Cathie,Cathie.Thema@example.com,5.1
Rebecka,Sherrie,Sherrie.Rebecka@example.com,2.4
Clarissa,Pierette,Pierette.Clarissa@example.com,6
Vins,Therine,Therine.Vins@example.com,4.2
Odysseus,Gretal,Gretal.Odysseus@example.com,4.9
Grosz,Maurene,Maurene.Grosz@example.com,1.5
Hartnett,Phedra,Phedra.Hartnett@example.com,2.4
Fredi,Carol-Jean,Carol-Jean.Fredi@example.com,2.7
Fontana,Elfreda,Elfreda.Fontana@example.com,5.4
Hylan,Jerry,Jerry.Hylan@example.com,1.1
Michella,Rosabelle,Rosabelle.Michella@example.com,2.9
Goode,Jessamyn,Jessamyn.Goode@example.com,3.2
Chaing,Pierette,Pierette.Chaing@example.com,5.2
Sheedy,Dominga,Dominga.Sheedy@example.com,4
Cadmar,Almeta,Almeta.Cadmar@example.com,2
Morrill,Nelle,Nelle.Morrill@example.com,1.4
Grosz,Agathe,Agathe.Grosz@example.com,1.3
Suzetta,Madelle,Madelle.Suzetta@example.com,2.2
Richers,Rubie,Rubie.Richers@example.com,2.7
Lucienne,Jaclyn,Jaclyn.Lucienne@example.com,1.4
Dimitris,Maud,Maud.Dimitris@example.com,3.8
Garek,Eugine,Eugine.Garek@example.com,1.7
Lewes,Gratia,Gratia.Lewes@example.com,1.7
Beebe,Shandie,Shandie.Beebe@example.com,4
Lorain,Barbi,Barbi.Lorain@example.com,1.2
Old,Fanchon,Fanchon.Old@example.com,3.9
Quinn,Ardeen,Ardeen.Quinn@example.com,5
Wandie,Christal,Christal.Wandie@example.com,2
Pacorro,Albertina,Albertina.Pacorro@example.com,4.5
Woodberry,Sonni,Sonni.Woodberry@example.com,4.6
Simmonds,Hallie,Hallie.Simmonds@example.com,3.8
Emmaline,Antonietta,Antonietta.Emmaline@example.com,2.9
Tatianas,Kial,Kial.Tatianas@example.com,3.5
Bethany,Christian,Christian.Bethany@example.com,5.1
Lytton,Myrtice,Myrtice.Lytton@example.com,4.8
LaRue,Jean,Jean.LaRue@example.com,4.6
Lory,Gilligan,Gilligan.Lory@example.com,1.6
Evvie,Benita,Benita.Evvie@example.com,4.6
Radu,Ginnie,Ginnie.Radu@example.com,4.5
Pond,Shell,Shell.Pond@example.com,5.3
Poll,Tonia,Tonia.Poll@example.com,3
Hedve,Amelia,Amelia.Hedve@example.com,2
Strephon,Silvana,Silvana.Strephon@example.com,2.7
Zuzana,Jacenta,Jacenta.Zuzana@example.com,5.4
Gunn,Gwenneth,Gwenneth.Gunn@example.com,1.3
Rogerio,Leia,Leia.Rogerio@example.com,3.3
Andrel,Lindie,Lindie.Andrel@example.com,1.7
Fredi,Siana,Siana.Fredi@example.com,1.7
Philipp,Susette,Susette.Philipp@example.com,5.4
Audly,Olwen,Olwen.Audly@example.com,4.9
Raffo,Jan,Jan.Raffo@example.com,5.7
Sisile,Ivett,Ivett.Sisile@example.com,3
Tomasina,Ileana,Ileana.Tomasina@example.com,2.4
Garek,Joeann,Joeann.Garek@example.com,3.6
Flyn,Ricky,Ricky.Flyn@example.com,2.8
Carey,Libbie,Libbie.Carey@example.com,3.2
Pozzy,Roz,Roz.Pozzy@example.com,2
Fiester,Darlleen,Darlleen.Fiester@example.com,3
Thomasina,Genovera,Genovera.Thomasina@example.com,5
Damarra,Linet,Linet.Damarra@example.com,4.8
Lilybelle,Rayna,Rayna.Lilybelle@example.com,5.1
Reinke,Wileen,Wileen.Reinke@example.com,3.4
Nisbet,Miquela,Miquela.Nisbet@example.com,5.3
Ball,Jolyn,Jolyn.Ball@example.com,1.1
Chinua,Aubrie,Aubrie.Chinua@example.com,5.9
Trey,Tobe,Tobe.Trey@example.com,3.6
Mozelle,Daryl,Daryl.Mozelle@example.com,4.2
Wiener,Kayla,Kayla.Wiener@example.com,4
Ax,Marika,Marika.Ax@example.com,5
Riva,Clarice,Clarice.Riva@example.com,5.4
Afton,Rosene,Rosene.Afton@example.com,4.7
Ioab,Merry,Merry.Ioab@example.com,3.4
Gower,Hannis,Hannis.Gower@example.com,2.4
Billye,Gratia,Gratia.Billye@example.com,2.5
Pascia,Lita,Lita.Pascia@example.com,3.1
Eckblad,Paola,Paola.Eckblad@example.com,2.7
Graig,Isa,Isa.Graig@example.com,1.6
Thad,Lita,Lita.Thad@example.com,1.2
Ricarda,Joeann,Joeann.Ricarda@example.com,2
Winthorpe,Rori,Rori.Winthorpe@example.com,4.3
Hermes,Dorthy,Dorthy.Hermes@example.com,5.4
Alrich,Zia,Zia.Alrich@example.com,2.6
Uund,Evita,Evita.Uund@example.com,2.3
Tyson,Dode,Dode.Tyson@example.com,3.3
Hourigan,Miquela,Miquela.Hourigan@example.com,4.2
Ulphia,Jordan,Jordan.Ulphia@example.com,1.8
Gregrory,Ernesta,Ernesta.Gregrory@example.com,5.9
Paine,Gwenneth,Gwenneth.Paine@example.com,3.8
Ferino,Eugine,Eugine.Ferino@example.com,2.9
Maples,Bill,Bill.Maples@example.com,3.1
Edmund,Rosene,Rosene.Edmund@example.com,5.8
Hertzfeld,Frances,Frances.Hertzfeld@example.com,3.5
Manolo,Daune,Daune.Manolo@example.com,5.9
Velick,Maisey,Maisey.Velick@example.com,5.8
Gaynor,Willetta,Willetta.Gaynor@example.com,4.6
Seessel,Vivia,Vivia.Seessel@example.com,4.3
Iaverne,Gerrie,Gerrie.Iaverne@example.com,2.3
Ball,Selma,Selma.Ball@example.com,2.2
Bartlett,Jinny,Jinny.Bartlett@example.com,1.3
Pearse,Annabela,Annabela.Pearse@example.com,2.9
Anastatius,Collen,Collen.Anastatius@example.com,1.8
Curren,Kenna,Kenna.Curren@example.com,4.6
Tengdin,Miquela,Miquela.Tengdin@example.com,2.3
Krystle,Mureil,Mureil.Krystle@example.com,1.4
Anyah,Jobi,Jobi.Anyah@example.com,2.7
Demitria,Annabela,Annabela.Demitria@example.com,2.4
Whittaker,Mamie,Mamie.Whittaker@example.com,3.5
Craggie,Camile,Camile.Craggie@example.com,2.2
Maiah,Charmaine,Charmaine.Maiah@example.com,5.1
Kolnick,Penelopa,Penelopa.Kolnick@example.com,2
Erminia,Audrie,Audrie.Erminia@example.com,2.5
Henrie,Annecorinne,Annecorinne.Henrie@example.com,1.3
Belanger,Adelle,Adelle.Belanger@example.com,1.5
Urias,Elora,Elora.Urias@example.com,3
Anis,Sonni,Sonni.Anis@example.com,4.7
Jehu,Lynde,Lynde.Jehu@example.com,3.5
Ball,Keelia,Keelia.Ball@example.com,4.6
Germann,Alameda,Alameda.Germann@example.com,2.6
Olympium,Lily,Lily.Olympium@example.com,5.9
Gower,Frank,Frank.Gower@example.com,4.1
Gregrory,Coral,Coral.Gregrory@example.com,2
Natalia,Aeriela,Aeriela.Natalia@example.com,1.4
Lay,Ursulina,Ursulina.Lay@example.com,1.1
Uird,Cristabel,Cristabel.Uird@example.com,4.2
Kaete,Marcy,Marcy.Kaete@example.com,2.6
Lorenz,Maryellen,Maryellen.Lorenz@example.com,3.4
Dowski,Sashenka,Sashenka.Dowski@example.com,4.6
Milson,Ninnetta,Ninnetta.Milson@example.com,4
Daegal,Annecorinne,Annecorinne.Daegal@example.com,2.3
Christine,Trudie,Trudie.Christine@example.com,4.2
Philipp,Bee,Bee.Philipp@example.com,4.7
Buffum,Kore,Kore.Buffum@example.com,1.3
Konyn,Modestia,Modestia.Konyn@example.com,3.3
Medrek,Lorenza,Lorenza.Medrek@example.com,1.9
Sheng,Rhea,Rhea.Sheng@example.com,3.7
Oriana,Verla,Verla.Oriana@example.com,1
Pettiford,Dacia,Dacia.Pettiford@example.com,2.2
Norrie,Dari,Dari.Norrie@example.com,3.2
Leffen,Jessamyn,Jessamyn.Leffen@example.com,4
Darrell,Gui,Gui.Darrell@example.com,5.6
Devlen,Albertina,Albertina.Devlen@example.com,2.3
Wattenberg,Moyna,Moyna.Wattenberg@example.com,3.4
Schonfeld,Johna,Johna.Schonfeld@example.com,3.9
Lesley,Pierette,Pierette.Lesley@example.com,3.1
Drisko,Rivalee,Rivalee.Drisko@example.com,1.7
Jacqui,Dyann,Dyann.Jacqui@example.com,5.1
Ummersen,Pearline,Pearline.Ummersen@example.com,2.3
Ferrell,Katharina,Katharina.Ferrell@example.com,3.8
Delila,Alie,Alie.Delila@example.com,4.1
Jaylene,Karolina,Karolina.Jaylene@example.com,4.6
Lumbard,Gaylene,Gaylene.Lumbard@example.com,2
Joachim,Michaelina,Michaelina.Joachim@example.com,2.4
Fosque,Kathi,Kathi.Fosque@example.com,2.9
Lytton,Nadine,Nadine.Lytton@example.com,5.5
Parette,June,June.Parette@example.com,4.2
Rugen,Larine,Larine.Rugen@example.com,5.5
Hazlett,Angelique,Angelique.Hazlett@example.com,4.5
Federica,Corene,Corene.Federica@example.com,5.7
My,Ariela,Ariela.My@example.com,2.4
Georas,Gloria,Gloria.Georas@example.com,5.4
Charmine,Ivett,Ivett.Charmine@example.com,5.9
Malina,Michaelina,Michaelina.Malina@example.com,4.9
Melan,Betta,Betta.Melan@example.com,1.4
Carolin,Winifred,Winifred.Carolin@example.com,2.7
Khorma,Aubrie,Aubrie.Khorma@example.com,3
Forrer,Aryn,Aryn.Forrer@example.com,2.9
Jenness,Shannah,Shannah.Jenness@example.com,3
Ackerley,Merle,Merle.Ackerley@example.com,3.4
Haldas,Nadine,Nadine.Haldas@example.com,4
Rona,Calla,Calla.Rona@example.com,2.1
Gale,Lusa,Lusa.Gale@example.com,2.7
Malina,Wynne,Wynne.Malina@example.com,2.4
Hubert,Talya,Talya.Hubert@example.com,3
Gilbertson,Bibby,Bibby.Gilbertson@example.com,3.9
Hessler,Leona,Leona.Hessler@example.com,4.6
Ashely,Lisette,Lisette.Ashely@example.com,3.2
Podvin,Wynne,Wynne.Podvin@example.com,3.2
Faro,Starla,Starla.Faro@example.com,4.2
Truc,Mariann,Mariann.Truc@example.com,4.7
August,Chastity,Chastity.August@example.com,5.8
Gavrila,Emma,Emma.Gavrila@example.com,3.4
Hieronymus,Bee,Bee.Hieronymus@example.com,2.8
Damarra,Linet,Linet.Damarra@example.com,2.1
Toor,Ingrid,Ingrid.Toor@example.com,5.4
Buffum,Reeba,Reeba.Buffum@example.com,1
Carey,Thalia,Thalia.Carey@example.com,2.8
Xerxes,Audrie,Audrie.Xerxes@example.com,5.1
Melleta,Mary,Mary.Melleta@example.com,2.6
Roumell,Hallie,Hallie.Roumell@example.com,2.6
Audly,Fawne,Fawne.Audly@example.com,2.2
Primalia,Merle,Merle.Primalia@example.com,5.8
Boehike,Ottilie,Ottilie.Boehike@example.com,1.4
Fiester,Dorice,Dorice.Fiester@example.com,3.9
Martsen,Giustina,Giustina.Martsen@example.com,3.9
Zola,Agathe,Agathe.Zola@example.com,5.2
Jess,Zia,Zia.Jess@example.com,3.4
Colyer,Candi,Candi.Colyer@example.com,5.9
Ackerley,Nerta,Nerta.Ackerley@example.com,1.5
Havens,Marnia,Marnia.Havens@example.com,5.6
Milson,Aili,Aili.Milson@example.com,5.6
Pettiford,Vita,Vita.Pettiford@example.com,2.9
Timon,Valeda,Valeda.Timon@example.com,3.7
Iiette,Lisette,Lisette.Iiette@example.com,3.6
Lymann,Xylina,Xylina.Lymann@example.com,2.2
Idelia,Iseabal,Iseabal.Idelia@example.com,2.8
Noman,Johna,Johna.Noman@example.com,5.2
Velick,Lilith,Lilith.Velick@example.com,4.4
Calhoun,Laure,Laure.Calhoun@example.com,3.3
Rozanna,Marita,Marita.Rozanna@example.com,5.5
Anderea,Justinn,Justinn.Anderea@example.com,3.6
Blake,Maurene,Maurene.Blake@example.com,4.9
Hortensia,Perry,Perry.Hortensia@example.com,2.4
Aloise,Jenilee,Jenilee.Aloise@example.com,2.9
Marijo,Maud,Maud.Marijo@example.com,1.6
Noelyn,Susette,Susette.Noelyn@example.com,3.1
Dannye,Hollie,Hollie.Dannye@example.com,3.9
Gusella,Leia,Leia.Gusella@example.com,4.6
Sadowski,Heddie,Heddie.Sadowski@example.com,5.6
Marlie,Anica,Anica.Marlie@example.com,2.9
Rustice,Karina,Karina.Rustice@example.com,3
Audly,Millie,Millie.Audly@example.com,2
Eiser,Latisha,Latisha.Eiser@example.com,2
Schlosser,Nessie,Nessie.Schlosser@example.com,5.7
Gamaliel,Celene,Celene.Gamaliel@example.com,4
Stuart,Riannon,Riannon.Stuart@example.com,3.6
Shelba,Kathi,Kathi.Shelba@example.com,4.5
Moina,Letizia,Letizia.Moina@example.com,3.2
Kenwood,Judy,Judy.Kenwood@example.com,5.1
Romelda,Netty,Netty.Romelda@example.com,1.6
Wandie,Juliane,Juliane.Wandie@example.com,1
Socha,Ruthe,Ruthe.Socha@example.com,3.3
Grobe,Shell,Shell.Grobe@example.com,5.5
Si,Agnese,Agnese.Si@example.com,2.6
Rona,Theodora,Theodora.Rona@example.com,5.2
Sparhawk,Annora,Annora.Sparhawk@example.com,1.2
Pierette,Bernardine,Bernardine.Pierette@example.com,4.2
Danby,Sheelagh,Sheelagh.Danby@example.com,1.6
Philoo,Carmencita,Carmencita.Philoo@example.com,2.2
Desai,Danika,Danika.Desai@example.com,4.9
Ashely,Anica,Anica.Ashely@example.com,5.4
Santoro,Clarice,Clarice.Santoro@example.com,5.6
Zachary,Janenna,Janenna.Zachary@example.com,4.5
Leffen,Liana,Liana.Leffen@example.com,2
Kauppi,Berget,Berget.Kauppi@example.com,5.5
Norrie,Eolanda,Eolanda.Norrie@example.com,5.6
Warthman,Rosanne,Rosanne.Warthman@example.com,5.4
Brenn,Dulcinea,Dulcinea.Brenn@example.com,1.6
Carey,Maisey,Maisey.Carey@example.com,2.4
Karl,Teddie,Teddie.Karl@example.com,5.8
Wallis,Korrie,Korrie.Wallis@example.com,5.7
Deny,Aeriela,Aeriela.Deny@example.com,2.2
Klotz,Ellette,Ellette.Klotz@example.com,1.3
Monk,Quintina,Quintina.Monk@example.com,1.9
Rheingold,Karina,Karina.Rheingold@example.com,3.5
Hamil,Carilyn,Carilyn.Hamil@example.com,5.3
Delacourt,Odessa,Odessa.Delacourt@example.com,5.2
Fadiman,Kore,Kore.Fadiman@example.com,3.9
Hailee,Sashenka,Sashenka.Hailee@example.com,4.1
Malvino,Calla,Calla.Malvino@example.com,2.5
Persse,Devina,Devina.Persse@example.com,4.1
Demitria,Corene,Corene.Demitria@example.com,1.1
Stacy,Annora,Annora.Stacy@example.com,3.5
Rebecka,Mathilda,Mathilda.Rebecka@example.com,3.1
Stevy,Keelia,Keelia.Stevy@example.com,3
Winnick,Blake,Blake.Winnick@example.com,4.3
Matthew,Christal,Christal.Matthew@example.com,3.2
Iiette,Codie,Codie.Iiette@example.com,4.7
Goldina,Malina,Malina.Goldina@example.com,5.8
Mott,Livvyy,Livvyy.Mott@example.com,3.1
Cosenza,Debee,Debee.Cosenza@example.com,3.1
Vins,Meghann,Meghann.Vins@example.com,3.4
Verger,Suzette,Suzette.Verger@example.com,5.9
Ambrosia,Belinda,Belinda.Ambrosia@example.com,5.1
Lipson,Antonietta,Antonietta.Lipson@example.com,3.8
Odysseus,Sharai,Sharai.Odysseus@example.com,3.9
Chobot,Cassondra,Cassondra.Chobot@example.com,2.9
Schonfeld,June,June.Schonfeld@example.com,4.8
Brian,Georgetta,Georgetta.Brian@example.com,5.4
Curren,Merci,Merci.Curren@example.com,3.9
Kinnard,Viki,Viki.Kinnard@example.com,3.4
Torray,Joy,Joy.Torray@example.com,4.8
Kolnick,Cathyleen,Cathyleen.Kolnick@example.com,2.1
Fitzsimmons,Harrietta,Harrietta.Fitzsimmons@example.com,4.5
Cimbura,Renie,Renie.Cimbura@example.com,3.5
My,Laure,Laure.My@example.com,2.6
Zitvaa,Taffy,Taffy.Zitvaa@example.com,5.1
Allys,Feliza,Feliza.Allys@example.com,5.8
Fennessy,Amii,Amii.Fennessy@example.com,5.9
Hourigan,Glenda,Glenda.Hourigan@example.com,4.2
Sallyann,Vevay,Vevay.Sallyann@example.com,2.1
Truc,Rochette,Rochette.Truc@example.com,2.3
Frodi,Alejandra,Alejandra.Frodi@example.com,5.4
Ardra,Rosabelle,Rosabelle.Ardra@example.com,5.9
Berl,Gui,Gui.Berl@example.com,1
Guildroy,Merci,Merci.Guildroy@example.com,4.9
Aldric,Carmencita,Carmencita.Aldric@example.com,5.7
Ursulette,Shirlee,Shirlee.Ursulette@example.com,4.7
Urias,Sadie,Sadie.Urias@example.com,1.1
Stuart,Alameda,Alameda.Stuart@example.com,5.1
Flita,Charmaine,Charmaine.Flita@example.com,5.7
Bultman,Almeta,Almeta.Bultman@example.com,1.3
Jethro,Raina,Raina.Jethro@example.com,3.1
Nedrud,Jaime,Jaime.Nedrud@example.com,2.9
Johnsson,Ulrike,Ulrike.Johnsson@example.com,2.3
Lasley,Nollie,Nollie.Lasley@example.com,4.2
Dichy,Tera,Tera.Dichy@example.com,1.9
Hortensia,Jolyn,Jolyn.Hortensia@example.com,2.6
Agle,Coral,Coral.Agle@example.com,1.9
Koehler,Cristabel,Cristabel.Koehler@example.com,4.3
Gamaliel,Hayley,Hayley.Gamaliel@example.com,3.6
Tristram,Modestia,Modestia.Tristram@example.com,4.5
Chaing,Henriette,Henriette.Chaing@example.com,4.9
Valoniah,Maye,Maye.Valoniah@example.com,5.7
Verger,Pollyanna,Pollyanna.Verger@example.com,5.4
Anderea,Steffane,Steffane.Anderea@example.com,5.3
Wallis,Belinda,Belinda.Wallis@example.com,1.8
Willie,Carmencita,Carmencita.Willie@example.com,5.4
Alrich,Dorice,Dorice.Alrich@example.com,3.1
Herrera,Adore,Adore.Herrera@example.com,2.2
Jerald,Patricia,Patricia.Jerald@example.com,5.6
Jobi,Renae,Renae.Jobi@example.com,3.1
Beniamino,Tilly,Tilly.Beniamino@example.com,1.7
Karna,Jessamyn,Jessamyn.Karna@example.com,4.6
Stephie,Camile,Camile.Stephie@example.com,4.1
Saree,Madelle,Madelle.Saree@example.com,5.1
Truc,Inga,Inga.Truc@example.com,1.8
Yoko,Rivalee,Rivalee.Yoko@example.com,2.8
Tacye,Jobi,Jobi.Tacye@example.com,1.8
Charity,Belva,Belva.Charity@example.com,2.9
Michella,Kimberley,Kimberley.Michella@example.com,3.2
Ahab,Sidoney,Sidoney.Ahab@example.com,2.7
Concha,Grier,Grier.Concha@example.com,1.7
Moseley,Dale,Dale.Moseley@example.com,1.3
Ortrude,Darlleen,Darlleen.Ortrude@example.com,5.6
Naor,Lisette,Lisette.Naor@example.com,4.7
Arquit,Lucy,Lucy.Arquit@example.com,3.1
Marisa,Fred,Fred.Marisa@example.com,5.2
Barney,Georgetta,Georgetta.Barney@example.com,5.7
Thad,Lynde,Lynde.Thad@example.com,2.4
Natica,Olivette,Olivette.Natica@example.com,3.9
Waite,Tierney,Tierney.Waite@example.com,2
Evangelia,Fayre,Fayre.Evangelia@example.com,4
Flyn,Mellicent,Mellicent.Flyn@example.com,1.7
Waite,Raf,Raf.Waite@example.com,3.7
Rurik,Tamqrah,Tamqrah.Rurik@example.com,4.8
Delp,Emylee,Emylee.Delp@example.com,5.1
Keily,Blinni,Blinni.Keily@example.com,1.5
Margarete,Beatriz,Beatriz.Margarete@example.com,5.5
Zachary,Elbertina,Elbertina.Zachary@example.com,2.4
Rona,Olivette,Olivette.Rona@example.com,2.7
Mathilde,Ashlee,Ashlee.Mathilde@example.com,3.9
Dudley,Kial,Kial.Dudley@example.com,1.6
Primalia,Elfreda,Elfreda.Primalia@example.com,3
Bord,Ira,Ira.Bord@example.com,3.1
Hanshaw,Gloria,Gloria.Hanshaw@example.com,3.1
Erich,Valli,Valli.Erich@example.com,1.4
Olin,Cyndie,Cyndie.Olin@example.com,2.6
Stephie,Kirstin,Kirstin.Stephie@example.com,3.7
Whittaker,Lacie,Lacie.Whittaker@example.com,5.9
Obed,Valeda,Valeda.Obed@example.com,4.2
Arne,Tiffie,Tiffie.Arne@example.com,5.2
Gerge,Jany,Jany.Gerge@example.com,4
Dannye,Wileen,Wileen.Dannye@example.com,2.4
Pyle,Abbie,Abbie.Pyle@example.com,2.8
Zachary,Wendi,Wendi.Zachary@example.com,4.8
Allare,Lonnie,Lonnie.Allare@example.com,2.2
Belldas,Louella,Louella.Belldas@example.com,1.3
Baylor,Allyce,Allyce.Baylor@example.com,3.4
Sperling,Janenna,Janenna.Sperling@example.com,3.3
My,Amelia,Amelia.My@example.com,2.8
Arquit,Ernesta,Ernesta.Arquit@example.com,5.5
Lenny,Gusty,Gusty.Lenny@example.com,5.7
Junie,Zaria,Zaria.Junie@example.com,5.3
Munn,Adore,Adore.Munn@example.com,4.2
Wilkinson,Elie,Elie.Wilkinson@example.com,3.4
Fennessy,Ginnie,Ginnie.Fennessy@example.com,3.8
Iphlgenia,Almeta,Almeta.Iphlgenia@example.com,3.4
Joachim,Wileen,Wileen.Joachim@example.com,2.9
Luhe,Gale,Gale.Luhe@example.com,4.9
Vanni,Tonia,Tonia.Vanni@example.com,3.8
Katrine,Cathie,Cathie.Katrine@example.com,3.5
Santoro,Jinny,Jinny.Santoro@example.com,3.5
Ioab,Dotty,Dotty.Ioab@example.com,5
Krystle,Nannie,Nannie.Krystle@example.com,3.8
Ivens,Alisha,Alisha.Ivens@example.com,4.8
Weinreb,Nickie,Nickie.Weinreb@example.com,4.8
Harl,Ekaterina,Ekaterina.Harl@example.com,1.8
Decato,Berget,Berget.Decato@example.com,4.2
Peonir,Yetty,Yetty.Peonir@example.com,2.3
Wiener,Angelique,Angelique.Wiener@example.com,6
Denis,Consuela,Consuela.Denis@example.com,3.9
Uund,Angela,Angela.Uund@example.com,2
Telfer,Starla,Starla.Telfer@example.com,2.4
Noelyn,Donnie,Donnie.Noelyn@example.com,5.9
Bivins,Aigneis,Aigneis.Bivins@example.com,1.9
Allys,Johna,Johna.Allys@example.com,1.1
Haerr,Ericka,Ericka.Haerr@example.com,5.4
Lail,Bee,Bee.Lail@example.com,4.1
Carleen,Siana,Siana.Carleen@example.com,3.9
Publia,Susan,Susan.Publia@example.com,5.6
Iaverne,Allyce,Allyce.Iaverne@example.com,4.8
Olnee,Latisha,Latisha.Olnee@example.com,4.6
Wolfgram,Jany,Jany.Wolfgram@example.com,1.4
Merriott,Mariann,Mariann.Merriott@example.com,2
Rebecka,Zsa Zsa,Zsa Zsa.Rebecka@example.com,5.7
Wu,Cassondra,Cassondra.Wu@example.com,4.6
Isacco,Tori,Tori.Isacco@example.com,3.8
Socha,Lenna,Lenna.Socha@example.com,4.2
Burkle,Binny,Binny.Burkle@example.com,4.7
Blase,Danika,Danika.Blase@example.com,4.8
Dawkins,Bernardine,Bernardine.Dawkins@example.com,4.7
Rossner,Shel,Shel.Rossner@example.com,4.8
Suzetta,Demetris,Demetris.Suzetta@example.com,1.8
Killigrew,Trixi,Trixi.Killigrew@example.com,2.9
Syd,Courtnay,Courtnay.Syd@example.com,3.7
Wallis,Glenda,Glenda.Wallis@example.com,4.5
Jary,Codie,Codie.Jary@example.com,1.7
Berard,Netty,Netty.Berard@example.com,4.7
Francyne,Deedee,Deedee.Francyne@example.com,1.3
Philoo,Jennica,Jennica.Philoo@example.com,5.5
Jillane,Marti,Marti.Jillane@example.com,1.8
Flita,Annora,Annora.Flita@example.com,1.7
Billye,Larine,Larine.Billye@example.com,3.6
Carbo,Yolane,Yolane.Carbo@example.com,2
Codding,Alisha,Alisha.Codding@example.com,1.2
Hebner,Jenilee,Jenilee.Hebner@example.com,3.1
Hillel,Arlina,Arlina.Hillel@example.com,5.9
Tremayne,Chandra,Chandra.Tremayne@example.com,3.5
Wallis,Linzy,Linzy.Wallis@example.com,2.7
Neva,Rosene,Rosene.Neva@example.com,1.3
Daveta,Antonietta,Antonietta.Daveta@example.com,5.7
Fennessy,Tracey,Tracey.Fennessy@example.com,5.4
Erich,Nita,Nita.Erich@example.com,4.6
Jorgan,Imojean,Imojean.Jorgan@example.com,3.5
Diann,Gianina,Gianina.Diann@example.com,1.7
Ventre,Pierette,Pierette.Ventre@example.com,5.7
Dreda,Steffane,Steffane.Dreda@example.com,4.9
Ingra,Tilly,Tilly.Ingra@example.com,1.8
Evangelia,Eolanda,Eolanda.Evangelia@example.com,2.9
Hirsch,Lusa,Lusa.Hirsch@example.com,5.5
Hieronymus,Rubie,Rubie.Hieronymus@example.com,2.9
Guthrie,Carmela,Carmela.Guthrie@example.com,2.8
Wareing,Jaime,Jaime.Wareing@example.com,1.1
Klotz,Britte,Britte.Klotz@example.com,2.5
Leonard,Hildegaard,Hildegaard.Leonard@example.com,2.6
Annabella,Lexine,Lexine.Annabella@example.com,2.3
Colbert,Albertina,Albertina.Colbert@example.com,5
Merriott,Frances,Frances.Merriott@example.com,1.5
Masao,Catrina,Catrina.Masao@example.com,4.8
Ingra,Hyacinthe,Hyacinthe.Ingra@example.com,2.6
Georgy,Andree,Andree.Georgy@example.com,3.8
Arvo,Norine,Norine.Arvo@example.com,4.5
Aldric,Libbie,Libbie.Aldric@example.com,2.2
Leffen,Belva,Belva.Leffen@example.com,5.6
Ursulette,Monika,Monika.Ursulette@example.com,1.5
Holtz,Diena,Diena.Holtz@example.com,1.7
Elephus,Pamella,Pamella.Elephus@example.com,2.1
Ezar,Dianemarie,Dianemarie.Ezar@example.com,2.9
Esmaria,Jasmina,Jasmina.Esmaria@example.com,4.7
Pelagias,Gaylene,Gaylene.Pelagias@example.com,3.8
Evvie,Penelopa,Penelopa.Evvie@example.com,2.8
Daniele,Mara,Mara.Daniele@example.com,6
Franza,Nicoli,Nicoli.Franza@example.com,2.2
Christine,Cassandra,Cassandra.Christine@example.com,4.9
Bouchard,Celestyna,Celestyna.Bouchard@example.com,4
Wittie,Augustine,Augustine.Wittie@example.com,3.4
Colleen,Rayna,Rayna.Colleen@example.com,4
Louanna,Jordan,Jordan.Louanna@example.com,3.9
Rugen,Dorice,Dorice.Rugen@example.com,1.3
Gahl,Joelly,Joelly.Gahl@example.com,4.2
Koehler,Jessamyn,Jessamyn.Koehler@example.com,3.9
Dyche,Tomasina,Tomasina.Dyche@example.com,5.1
Trinetta,Pierette,Pierette.Trinetta@example.com,2.7
Danby,Gloria,Gloria.Danby@example.com,2.9
MacIntosh,Marguerite,Marguerite.MacIntosh@example.com,4.2
Stuart,Pollyanna,Pollyanna.Stuart@example.com,1.9
Hedve,Kylynn,Kylynn.Hedve@example.com,2.9
Francyne,Vita,Vita.Francyne@example.com,5.6
Colleen,Emma,Emma.Colleen@example.com,3.9
Solitta,Amara,Amara.Solitta@example.com,4.4
Kazimir,Evita,Evita.Kazimir@example.com,5.6
Boehike,Lanna,Lanna.Boehike@example.com,4.9
Adalbert,Alyssa,Alyssa.Adalbert@example.com,4.3
Georas,Adore,Adore.Georas@example.com,2.7
Kress,Teriann,Teriann.Kress@example.com,2.4
Myrilla,Mureil,Mureil.Myrilla@example.com,2
Olympium,Madalyn,Madalyn.Olympium@example.com,3.1
Byrne,Myrtice,Myrtice.Byrne@example.com,5.6
Dorine,Moyna,Moyna.Dorine@example.com,1.6
Shama,Janey,Janey.Shama@example.com,1.5
Dorothy,Dede,Dede.Dorothy@example.com,1.8
Reidar,Andree,Andree.Reidar@example.com,3.2
Celestine,Jolyn,Jolyn.Celestine@example.com,5.6
Lamoree,Vere,Vere.Lamoree@example.com,1.4
Buffum,Tersina,Tersina.Buffum@example.com,3.1
Sinegold,Nonnah,Nonnah.Sinegold@example.com,2.4
Lattie,Jan,Jan.Lattie@example.com,5.5
Wattenberg,Tressa,Tressa.Wattenberg@example.com,5.5
Peg,Nicoli,Nicoli.Peg@example.com,4.8
Vorster,Elfreda,Elfreda.Vorster@example.com,3.6
Alwin,Hollie,Hollie.Alwin@example.com,2.4
Henebry,Rivalee,Rivalee.Henebry@example.com,2.7
Hebner,Katharina,Katharina.Hebner@example.com,2.9
Stelle,Carmela,Carmela.Stelle@example.com,2.9
Ivens,Raf,Raf.Ivens@example.com,3.3
Killigrew,Philis,Philis.Killigrew@example.com,5.5
Anyah,Aubrie,Aubrie.Anyah@example.com,3.5
Neils,Clementine,Clementine.Neils@example.com,4.6
Bultman,Alie,Alie.Bultman@example.com,3.5
Morehouse,Inga,Inga.Morehouse@example.com,5.7
Luhe,Jan,Jan.Luhe@example.com,2.2
Docilla,Chickie,Chickie.Docilla@example.com,2.6
Pattin,Elyssa,Elyssa.Pattin@example.com,2.2
Croix,Netty,Netty.Croix@example.com,2.6
Richers,Sarette,Sarette.Richers@example.com,2.1
Garrison,Tonia,Tonia.Garrison@example.com,5.5
Telfer,Shel,Shel.Telfer@example.com,5.8
Bultman,Donetta,Donetta.Bultman@example.com,5.8
Lareena,Alejandra,Alejandra.Lareena@example.com,2.5
Malanie,Danika,Danika.Malanie@example.com,3.5
Gherardo,Lusa,Lusa.Gherardo@example.com,4.2
Pettiford,Marika,Marika.Pettiford@example.com,1.2
Old,Rayna,Rayna.Old@example.com,2.1
Codding,Madeleine,Madeleine.Codding@example.com,4.4
Vins,Kial,Kial.Vins@example.com,1.8
Niles,Anestassia,Anestassia.Niles@example.com,2.9
Goth,Juliane,Juliane.Goth@example.com,3.5
Moseley,Nerta,Nerta.Moseley@example.com,1.5
Thunell,Odessa,Odessa.Thunell@example.com,4.8
Bandeen,Kial,Kial.Bandeen@example.com,3.4
Abbot,Sashenka,Sashenka.Abbot@example.com,4.1
Ariella,Ivett,Ivett.Ariella@example.com,2.1
McLaughlin,Mariann,Mariann.McLaughlin@example.com,1.8
Sikorski,Maurene,Maurene.Sikorski@example.com,2.5
Medrek,Norine,Norine.Medrek@example.com,1.2
Aaberg,Noelle,Noelle.Aaberg@example.com,2.5
Barbey,Maridel,Maridel.Barbey@example.com,2.6
Jary,Marylou,Marylou.Jary@example.com,3.2
Hortensia,Aili,Aili.Hortensia@example.com,2.8
Wilona,Jackie,Jackie.Wilona@example.com,2.4
Seligman,Heida,Heida.Seligman@example.com,1.9
Malina,Carree,Carree.Malina@example.com,3.5
Zachary,Lorne,Lorne.Zachary@example.com,3.2
Wolfgram,Merle,Merle.Wolfgram@example.com,2.9
Infield,Violet,Violet.Infield@example.com,3.3
Caitlin,Zia,Zia.Caitlin@example.com,5.5
Ulphia,Dode,Dode.Ulphia@example.com,3.5
Gibbeon,Melisent,Melisent.Gibbeon@example.com,5.6
Raama,Kellen,Kellen.Raama@example.com,2.3
Melleta,Neila,Neila.Melleta@example.com,2.2
Calhoun,Berta,Berta.Calhoun@example.com,3.5
Bury,Kate,Kate.Bury@example.com,5.9
Hoenack,Jeanna,Jeanna.Hoenack@example.com,2.3
Merna,Layla,Layla.Merna@example.com,4.1
Tatianas,Melina,Melina.Tatianas@example.com,1.3
MacIntosh,Dolli,Dolli.MacIntosh@example.com,4.8
Lalitta,Ashlee,Ashlee.Lalitta@example.com,4.4
Bonilla,Helena,Helena.Bonilla@example.com,1.3
Obed,Marylou,Marylou.Obed@example.com,1.2
Mauer,Allyce,Allyce.Mauer@example.com,1.8
Silvan,Gratia,Gratia.Silvan@example.com,3.8
Bivins,Ingrid,Ingrid.Bivins@example.com,3.6
Terrence,Elena,Elena.Terrence@example.com,2.6
Alice,Tami,Tami.Alice@example.com,2.3
Mayeda,Kial,Kial.Mayeda@example.com,5
Marcellus,Ada,Ada.Marcellus@example.com,3.7
Laverne,Nyssa,Nyssa.Laverne@example.com,1.9
Parsaye,Tierney,Tierney.Parsaye@example.com,5.7
Uund,Nicoli,Nicoli.Uund@example.com,1.4
Madelene,Wilma,Wilma.Madelene@example.com,5.9
Anastatius,Ingrid,Ingrid.Anastatius@example.com,4.7
Ax,Karolina,Karolina.Ax@example.com,5.1
Giff,Molli,Molli.Giff@example.com,1.6
Cutlerr,Bee,Bee.Cutlerr@example.com,1.6
Oneida,Janeczka,Janeczka.Oneida@example.com,2.9
Kevon,Daryl,Daryl.Kevon@example.com,4
Mandler,Coral,Coral.Mandler@example.com,3.2
Grayce,Nita,Nita.Grayce@example.com,4.9
Weitman,Sheree,Sheree.Weitman@example.com,5.4
Rooney,Jaclyn,Jaclyn.Rooney@example.com,2.3
Sherrie,Elie,Elie.Sherrie@example.com,4.3
Abram,Nollie,Nollie.Abram@example.com,5.4
Emmy,Renie,Renie.Emmy@example.com,3.3
Orlene,Basia,Basia.Orlene@example.com,3.5
Philipp,Regina,Regina.Philipp@example.com,4.3
Quinn,Genevra,Genevra.Quinn@example.com,6
Isacco,Larine,Larine.Isacco@example.com,4.8
Robertson,Beth,Beth.Robertson@example.com,5
Leifeste,Addia,Addia.Leifeste@example.com,2.3
Gordon,Melodie,Melodie.Gordon@example.com,4.6
Slifka,Fayre,Fayre.Slifka@example.com,2.9
Seligman,Misha,Misha.Seligman@example.com,3
Lauraine,Oona,Oona.Lauraine@example.com,3.8
Gordon,Hannis,Hannis.Gordon@example.com,1.5
Edvard,Nikki,Nikki.Edvard@example.com,4
Kare,Elise,Elise.Kare@example.com,3.7
Olin,Blake,Blake.Olin@example.com,3.7
Yoko,Orelia,Orelia.Yoko@example.com,2.2
Stelle,Elfreda,Elfreda.Stelle@example.com,5.3
Publia,Annaliese,Annaliese.Publia@example.com,3
Toni,Jacenta,Jacenta.Toni@example.com,2.5
Jary,Beth,Beth.Jary@example.com,2.2
Palocz,Binny,Binny.Palocz@example.com,3.2
Chandler,Kenna,Kenna.Chandler@example.com,5
Georgy,Jerry,Jerry.Georgy@example.com,5.1
Monk,Gaylene,Gaylene.Monk@example.com,4.3
Lorain,Anestassia,Anestassia.Lorain@example.com,5.3
Bobbee,Jean,Jean.Bobbee@example.com,4.3
Raama,Harmonia,Harmonia.Raama@example.com,3.3
Elvyn,Cassandra,Cassandra.Elvyn@example.com,4
Cloris,Yolane,Yolane.Cloris@example.com,4.5
Cressida,Perry,Perry.Cressida@example.com,1.1
Rooney,Gisela,Gisela.Rooney@example.com,1.7
Truc,Valeda,Valeda.Truc@example.com,3.1
Chapland,Amii,Amii.Chapland@example.com,1.7
Thar,Zsa Zsa,Zsa Zsa.Thar@example.com,3.9
Newell,Tracey,Tracey.Newell@example.com,1.9
Tjon,Marnia,Marnia.Tjon@example.com,2.3
Glovsky,Damaris,Damaris.Glovsky@example.com,4.9
Talia,Jsandye,Jsandye.Talia@example.com,2.7
Erich,Ulrike,Ulrike.Erich@example.com,4.5
Rugen,Florie,Florie.Rugen@example.com,3.2
Martsen,Vanessa,Vanessa.Martsen@example.com,3.2
Gaulin,Jobi,Jobi.Gaulin@example.com,5.5
Kinnard,Nanete,Nanete.Kinnard@example.com,1.4
Nunci,Genovera,Genovera.Nunci@example.com,4.5
Leary,Emilia,Emilia.Leary@example.com,1.1
Nahum,Dode,Dode.Nahum@example.com,1.8
Remmer,Amara,Amara.Remmer@example.com,2.4
Bord,Carmencita,Carmencita.Bord@example.com,2.5
Shanley,Carlie,Carlie.Shanley@example.com,3
Sholley,Marcy,Marcy.Sholley@example.com,2.5
Braun,Karina,Karina.Braun@example.com,5.3
Publia,Ginnie,Ginnie.Publia@example.com,2
Killigrew,Lelah,Lelah.Killigrew@example.com,4.2
Wallis,Maryellen,Maryellen.Wallis@example.com,2.6
Rudolph,Sidoney,Sidoney.Rudolph@example.com,2.5
Meter,Catharine,Catharine.Meter@example.com,5.9
Middleton,Konstance,Konstance.Middleton@example.com,5.3
Virgin,Sheelagh,Sheelagh.Virgin@example.com,3
Raychel,Jenilee,Jenilee.Raychel@example.com,1.1
Kalinda,Elbertina,Elbertina.Kalinda@example.com,4.8
Ahab,Allyce,Allyce.Ahab@example.com,2.5
Wooster,Sadie,Sadie.Wooster@example.com,1.2
Marisa,Sonni,Sonni.Marisa@example.com,1.3
Ulphia,Philis,Philis.Ulphia@example.com,1.7
Isidore,Tera,Tera.Isidore@example.com,1
Gaulin,Alleen,Alleen.Gaulin@example.com,3.9
Bearnard,Devina,Devina.Bearnard@example.com,4.8
Rubie,Sallie,Sallie.Rubie@example.com,1.9
Keily,Kalina,Kalina.Keily@example.com,5
Cath,Nariko,Nariko.Cath@example.com,3.8
Nedrud,Lilith,Lilith.Nedrud@example.com,4.2
Shaddock,Helena,Helena.Shaddock@example.com,5
Lynn,Krystle,Krystle.Lynn@example.com,4.5
Lubin,Caryl,Caryl.Lubin@example.com,5.1